{"minx": -3.607771873474121, "maxx": 6.421125411987305, "c": 0.2140703278803366}