{"minx": [-3.607771873474121, -3.41719388961792], "maxx": [6.421125411987305, 6.955304145812988], "c": 0.17378894009288337}